product_id,garment_bust,garment_waist,garment_hip,garment_length,garment_sleeve,valid_dimension_count,fully_missing_measurements,partially_missing_measurements
2-in-1-jumper#Navy,120.0,118.0,126.0,71.0,65.0,5,False,False
2-in-1-layered-knit-top#Khaki,114.0,124.0,138.0,61.0,56.0,5,False,False
2-in-1-layered-knit-top#Navy,114.0,124.0,138.0,61.0,56.0,5,False,False
2-in-1-layered-knit-top#PalePink,114.0,124.0,138.0,61.0,56.0,5,False,False
2-in-1-layered-top-1#NavyWhite,120.0,,140.0,67.0,67.0,4,False,True
2-in-1-layered-top-1#PinkWhite,120.0,,140.0,67.0,67.0,4,False,True
34-sleeve-shirt-1#SkyWhite,96.0,96.0,106.0,83.0,59.0,5,False,False
abigail-stripe-shirt#BlackStrip,124.0,128.0,146.0,64.0,68.0,5,False,False
adventurous-hoody#Pink,132.0,116.0,58.0,71.0,80.0,5,False,False
agra-shirt#White,110.0,120.0,124.0,62.0,63.0,5,False,False
aida-long-tunic-shirt#AidaStripe,102.0,110.0,118.0,88.0,69.0,5,False,False
aigli-top#Navy,110.0,100.0,134.0,62.0,55.0,5,False,False
aigli-top#White,110.0,100.0,134.0,62.0,55.0,5,False,False
alberta-stripe-top#IvoryStrip,106.0,116.0,120.0,67.0,68.0,5,False,False
aldis-blouse#Pearl,120.0,136.0,146.0,58.0,46.0,5,False,False
ally-long-sleeve-tee#CosmosPr,88.0,86.0,94.0,64.0,71.0,5,False,False
always-mine-spliced-cardigan#GreyEmeral,120.0,115.0,120.0,85.0,74.0,5,False,False
always-mine-v-neck-knit#Terracotta,112.0,112.0,112.0,61.0,69.0,5,False,False
amira-sweater#Cream,104.0,104.0,96.0,56.0,69.0,5,False,False
analia-jersey-top#Black,100.0,102.0,116.0,67.0,20.0,5,False,False
analia-jersey-top#Navy,100.0,102.0,116.0,67.0,20.0,5,False,False
analia-top#White,90.0,92.0,100.0,68.0,,4,False,True
animal-button-up-shirt#KhakiPrint,108.0,,116.0,70.0,70.0,4,False,True
animal-knit-1#Animal,116.0,116.0,124.0,64.0,65.0,5,False,False
anna-top#Leona,104.0,142.0,160.0,59.0,62.0,5,False,False
annabelle-sweater#Midnight,160.0,160.0,160.0,70.0,60.0,5,False,False
arizona-off-the-shoulder-top#Khaki,100.0,110.0,110.0,58.0,43.0,5,False,False
arlo-cardigan#Navy,106.0,108.0,108.0,107.0,68.0,5,False,False
art-deco-print-top#NavyWhite,115.0,96.0,135.0,76.0,53.0,5,False,False
arya-frilled-blouse#Oyster,110.0,114.0,122.0,69.0,74.0,5,False,False
ashbury-cardigan#Mocha,102.0,108.0,102.0,56.0,70.0,5,False,False
ava-short-sleeve-linen-tee#Blush,112.0,110.0,115.0,63.0,36.0,5,False,False
ava-short-sleeve-linen-tee#Navy,112.0,110.0,115.0,63.0,36.0,5,False,False
aztec-cardigan#BlackIvory,104.0,95.0,104.0,78.0,72.0,5,False,False
aztec-cardigan#Orange,104.0,95.0,104.0,78.0,72.0,5,False,False
back-to-you-top#BlackMagic,92.0,90.0,90.0,72.0,55.0,5,False,False
back-to-you-top#Rust,92.0,90.0,90.0,72.0,55.0,5,False,False
bamboo-layer-tank#Black,72.0,74.0,72.0,67.0,,4,False,True
bamboo-layer-tank#Chalk,72.0,74.0,72.0,67.0,,4,False,True
baobab-sweater#Bark,124.0,,148.0,76.0,70.0,4,False,True
batty-about-you-cotton-tee#BlkWhite,142.0,134.0,130.0,68.0,66.0,5,False,False
be-mine-top-1#Sage,,139.0,176.0,68.0,35.0,4,False,True
beach-walk-shirt#Khaki,180.0,,,100.0,68.0,3,False,True
beach-walk-shirt#Stormy,180.0,,,100.0,68.0,3,False,True
bella-ls-tee#GreenWhite,100.0,102.0,112.0,71.0,52.0,5,False,False
belle-cowl-swing-sweater#Black,98.0,98.0,114.0,70.0,69.0,5,False,False
belle-cowl-swing-sweater#Green,98.0,98.0,114.0,70.0,69.0,5,False,False
belle-deep-v-mesh-top#Black,164.0,134.0,116.0,68.0,65.0,5,False,False
belle-drape-tee#Black,129.0,119.0,131.0,71.0,79.0,5,False,False
belle-drape-tee#Sliver,129.0,119.0,131.0,71.0,79.0,5,False,False
belle-flocked-tunic#Pale%20Blue,161.0,157.0,163.0,75.0,39.0,5,False,False
belle-flocked-tunic#White,161.0,157.0,163.0,75.0,39.0,5,False,False
belle-flute-sleeve-tee#Navy,124.0,175.0,176.0,70.0,62.0,5,False,False
belle-half-sleeve-boat-tee#Black,111.0,107.0,121.0,58.0,41.0,5,False,False
belle-half-sleeve-boat-tee#White,111.0,107.0,121.0,58.0,41.0,5,False,False
belle-half-sleeve-forgiver-tunic#Apricot,127.0,117.0,125.0,84.0,52.0,5,False,False
belle-half-sleeve-forgiver-tunic#Black,127.0,117.0,125.0,84.0,52.0,5,False,False
belle-half-sleeve-forgiver-tunic#BlueBonnet,127.0,117.0,125.0,84.0,52.0,5,False,False
belle-half-sleeve-forgiver-tunic#FlamPink,127.0,117.0,125.0,84.0,52.0,5,False,False
belle-half-sleeve-forgiver-tunic#MutedClay,127.0,117.0,125.0,84.0,52.0,5,False,False
belle-half-sleeve-forgiver-tunic#White,127.0,117.0,125.0,84.0,52.0,5,False,False
belle-handkerchief-printed-cami#RustFlwrs,131.0,137.0,161.0,73.0,,4,False,True
belle-lace-trim-tee#GreyMarle,133.0,143.0,179.0,79.0,40.0,5,False,False
belle-longline-white-shirt#White,131.0,123.0,137.0,106.0,78.0,5,False,False
belle-ls-free-fall-tee#Airforce,132.0,128.0,164.0,71.0,75.0,5,False,False
belle-ls-free-fall-tee#Blush,132.0,128.0,164.0,71.0,75.0,5,False,False
belle-ls-free-fall-tee#Greenland,132.0,128.0,164.0,71.0,75.0,5,False,False
belle-mesh-cardi#Black,147.0,161.0,,86.0,66.0,4,False,True
belle-mid-length-knit-cardi#Black,134.0,133.0,147.0,93.0,78.0,5,False,False
belle-nautical-applique-tee#BlueStripe,131.0,125.0,141.0,71.0,68.0,5,False,False
belle-off-the-shoulder-tee#Stripe,121.0,117.0,129.0,67.0,64.0,5,False,False
belle-paint-brush-print-top#PaintPrint,160.0,146.0,154.0,69.0,,4,False,True
belle-petal-print-top#Petal,126.0,120.0,120.0,65.0,55.0,5,False,False
belle-polka-dot-blouse#WhiteSpot,141.0,147.0,155.0,71.0,53.0,5,False,False
belle-poncho-sleeved-knit#BlueMarle,140.0,136.0,177.0,77.0,58.0,5,False,False
belle-satin-shirt#Black,135.0,134.0,143.0,83.0,77.0,5,False,False
belle-square-neck-drape-tee#Vanilla,127.0,123.0,116.0,66.0,,4,False,True
belle-tie-front-shirt#Black,160.0,151.0,150.0,86.0,41.0,5,False,False
belle-tie-neck-blouse-tee#RoyalBlue,118.0,110.0,152.0,63.0,50.0,5,False,False
belle-tie-neck-blouse-tee#White,118.0,110.0,152.0,63.0,50.0,5,False,False
belle-tier-tee#Blue,131.0,141.0,155.0,68.0,35.0,5,False,False
belle-twist-front-tee-1#Black,115.0,102.0,145.0,68.0,42.0,5,False,False
belle-two-in-one-top#Charcoal,108.0,116.0,128.0,82.0,72.0,5,False,False
belle-v-neck-forgiver-tunic#ArmyGreen,125.0,121.0,132.0,83.0,74.0,5,False,False
belle-v-neck-forgiver-tunic#Black,125.0,121.0,132.0,83.0,74.0,5,False,False
belle-v-neck-forgiver-tunic#BlueMarle,125.0,121.0,132.0,83.0,74.0,5,False,False
belle-v-neck-forgiver-tunic#Charcoal,125.0,121.0,132.0,83.0,74.0,5,False,False
belle-v-neck-forgiver-tunic#DenimMarl,125.0,121.0,132.0,83.0,74.0,5,False,False
belle-v-neck-forgiver-tunic#Navy,125.0,121.0,132.0,83.0,74.0,5,False,False
belle-v-neck-forgiver-tunic#Scarlett,125.0,121.0,132.0,83.0,74.0,5,False,False
belle-v-neck-forgiver-tunic#Tobacco,125.0,121.0,132.0,83.0,74.0,5,False,False
belle-v-neck-forgiver-tunic#White,125.0,121.0,132.0,83.0,74.0,5,False,False
beloved-stripe-pull-over-hoodie#NavyWhite,136.0,122.0,120.0,63.0,72.0,5,False,False
bertie-top#Black,106.0,112.0,94.0,55.0,54.0,5,False,False
bertie-top#BlkCherry,106.0,112.0,94.0,55.0,54.0,5,False,False
billow-top#Black,146.0,170.0,146.0,72.0,51.0,5,False,False
billow-top#Peach,146.0,170.0,146.0,72.0,51.0,5,False,False
bird-jumper#Navy,104.0,110.0,124.0,66.0,67.0,5,False,False
bird-print-jumper#Navy,106.0,112.0,120.0,60.0,75.0,5,False,False
birds-tee-1#Navy,102.0,98.0,116.0,63.0,64.0,5,False,False
block-sweater#Block,113.0,108.0,104.0,69.0,64.0,5,False,False
block-vest#Blockvest,106.0,108.0,92.0,49.0,,4,False,True
blue-waters-cotton-blouse#White,129.0,123.0,131.0,74.0,64.0,5,False,False
bo-cosy-cardigan#Blossom,112.0,114.0,116.0,82.0,75.0,5,False,False
bo-cosy-cardigan#Storm,112.0,114.0,116.0,82.0,75.0,5,False,False
bodega-knit#Moss,152.0,152.0,152.0,67.0,74.0,5,False,False
boho-embroidered-top#BohoDenim,100.0,96.0,144.0,66.0,62.0,5,False,False
bora-bora-layered-tank#BoraBora,96.0,132.0,172.0,59.0,,4,False,True
border-stripe-knit#WhitePink,110.0,110.0,112.0,72.0,68.0,5,False,False
born-to-run-shirt-jacket#Leopard,102.0,92.0,114.0,76.0,60.0,5,False,False
bubbles-print-tee#Cambridge,102.0,100.0,106.0,65.0,72.0,5,False,False
butterfly-blouse-1#Ivory,102.0,110.0,116.0,132.0,70.0,5,False,False
butterfly-kisses-tee#Green,133.0,,,74.0,32.0,3,False,True
butterfly-kisses-tee#MustardStr,133.0,,,74.0,32.0,3,False,True
butterfly-kisses-tee#Stripe,133.0,,,74.0,32.0,3,False,True
button-through-animal-shirt#Animal,104.0,104.0,110.0,65.0,70.0,5,False,False
buttoned-top#Spotty,126.0,,146.0,65.0,25.0,4,False,True
cable-knit-sweater#Camel,96.0,96.0,100.0,63.0,65.0,5,False,False
capri-tank-3#Black,100.0,102.0,114.0,62.0,,4,False,True
capri-tank-3#NavyStripe,100.0,102.0,114.0,62.0,,4,False,True
capri-tank-3#Navy,100.0,102.0,114.0,62.0,,4,False,True
capri-tank-3#White,100.0,102.0,114.0,62.0,,4,False,True
capri-tank-6#ClaySpot,102.0,106.0,118.0,65.0,,4,False,True
capri-tank-6#HeatheGrey,102.0,106.0,118.0,65.0,,4,False,True
capri-tank-6#Olive,102.0,106.0,118.0,65.0,,4,False,True
cara-tee-2#BlackSpot,102.0,,108.0,69.0,30.0,4,False,True
cara-tee-2#Blush,102.0,,108.0,69.0,30.0,4,False,True
cara-tee-2#WhiteBlk,102.0,,108.0,69.0,30.0,4,False,True
cara-tee-3#Mustard,100.0,98.0,106.0,67.0,28.0,5,False,False
cara-tee-3#ZebraPrint,100.0,98.0,106.0,67.0,28.0,5,False,False
cara-tee-4#BlackWhite,100.0,98.0,106.0,68.0,28.0,5,False,False
cara-tee-4#Black,100.0,98.0,106.0,68.0,28.0,5,False,False
cara-tee-4#White,100.0,98.0,106.0,68.0,28.0,5,False,False
cascade-hood-top#Black,112.0,120.0,135.0,64.0,45.0,5,False,False
celestial-woven-top#White,110.0,114.0,132.0,68.0,29.0,5,False,False
chasing-birds-blouse#White,132.0,,,73.0,72.0,3,False,True
cherrington-top#GreyRose,96.0,98.0,106.0,65.0,69.0,5,False,False
chill-out-slouch-top#GreyMarle,161.0,153.0,152.0,75.0,75.0,5,False,False
chill-out-slouch-top#Mustard,161.0,153.0,152.0,75.0,75.0,5,False,False
circles-knit#Plum,110.0,110.0,112.0,68.0,74.0,5,False,False
clara-blouse#DarkFloral,108.0,108.0,120.0,62.0,66.0,5,False,False
clio-knit-jumper#Black,124.0,120.0,,53.0,63.0,4,False,True
clio-knit-jumper#Clay,124.0,120.0,,53.0,63.0,4,False,True
clio-knit-jumper#InkWhite,124.0,120.0,,53.0,63.0,4,False,True
clio-knit-jumper#StoneBlack,124.0,120.0,,53.0,63.0,4,False,True
clovis-shirt#NavyGold,104.0,106.0,120.0,61.0,69.0,5,False,False
coil-print-hi-lo-shirt#White,112.0,134.0,150.0,76.0,73.0,5,False,False
collared-shirt-1#White,108.0,104.0,114.0,66.0,69.0,5,False,False
colourblock-cardi#NavyRed,102.0,100.0,100.0,98.0,70.0,5,False,False
contrast-pocket-tunic#Pinkpocket,142.0,144.0,,68.0,35.0,4,False,True
contrast-stripe-sweater#Pockets,145.0,135.0,136.0,69.0,73.0,5,False,False
coogee-shirt#White,108.0,108.0,120.0,75.0,52.0,5,False,False
cooks-shirt#Stripes,108.0,110.0,112.0,71.0,,4,False,True
cool-breeze-jumper#Dust,124.0,,,64.0,66.0,3,False,True
cotton-candy-side-split-top#IceBlue,144.0,138.0,146.0,72.0,75.0,5,False,False
cotton-cashmere-v-neck-knit#Navy,116.0,112.0,116.0,65.0,71.0,5,False,False
cotton-modal-print-top#PinkNavy,106.0,104.0,108.0,63.0,20.0,5,False,False
cotton-stripe-cardi-with-pockets#White,100.0,120.0,146.0,62.0,66.0,5,False,False
cover-up-slouch-cardi#Alloy,124.0,98.0,90.0,63.0,73.0,5,False,False
cross-my-heart-bamboo-slouch-tee#White,180.0,176.0,128.0,86.0,79.0,5,False,False
cross-my-heart-sweater#Regal,125.0,113.0,,74.0,72.0,4,False,True
cross-over-top-with-pocket#BlackWhite,120.0,130.0,130.0,60.0,61.0,5,False,False
cross-over-top-with-pocket#Emerald,120.0,130.0,130.0,60.0,61.0,5,False,False
cross-over-top-with-pocket#NavyMustrd,120.0,130.0,130.0,60.0,61.0,5,False,False
crosses-jumper#xmyheart,138.0,,140.0,70.0,,3,False,True
crossing-the-plains-sweater-1#Indigo,126.0,121.0,,79.0,66.0,4,False,True
crushed-top#Blue,114.0,124.0,138.0,61.0,56.0,5,False,False
cuddled-longline-cardigan#Sunflower,110.0,100.0,100.0,91.0,68.0,5,False,False
curve-hem-cable-knit-sweater-1#Sapphire,116.0,,116.0,65.0,72.0,4,False,True
cyrus-top#LightRose,102.0,104.0,110.0,64.0,70.0,5,False,False
dahlia-lace-trim-blouse#Dusk,104.0,108.0,106.0,61.0,73.0,5,False,False
daisy-chain-tassel-blouse#DeepBlue,141.0,,176.0,82.0,56.0,4,False,True
daisy-top-1#BrightBlue,110.0,116.0,124.0,68.0,37.0,5,False,False
daylight-cardi#Silver,110.0,104.0,112.0,83.0,77.0,5,False,False
daylight-jumper#Silver,130.0,126.0,120.0,67.0,73.0,5,False,False
delicado-top#White,146.0,148.0,148.0,60.0,65.0,5,False,False
ditzy-floral-ruffle-blouse#DitzyFlora,112.0,110.0,118.0,60.0,68.0,5,False,False
diva-ruffle-jumper#Gold%20Spot,118.0,112.0,108.0,56.0,67.0,5,False,False
dot-to-dot-knit-1#GreyMarle,108.0,110.0,114.0,65.0,70.0,5,False,False
double-layered-top-1#WBlack,96.0,100.0,112.0,71.0,44.0,5,False,False
double-layered-top-1#WSilver,96.0,100.0,112.0,71.0,44.0,5,False,False
drama-top#BlackGrey,120.0,110.0,110.0,67.0,66.0,5,False,False
drapey-stripe-tee#Navy,94.0,98.0,100.0,60.0,70.0,5,False,False
dream-girl-ruffle-jumper#SoftPink,94.0,90.0,82.0,62.0,66.0,5,False,False
driftwood-gathering-blouse#Khaki,123.0,,,92.0,133.0,3,False,True
dusk-top#DuskPrint,98.0,102.0,104.0,65.0,53.0,5,False,False
eco-78-long-cardigan#DarkGreyM,104.0,92.0,100.0,76.0,60.0,5,False,False
eco-78-long-cardigan#LightGreyM,104.0,92.0,100.0,76.0,60.0,5,False,False
elcos-45-aop-top-jrs#BlackFlowe,116.0,108.0,102.0,63.0,54.0,5,False,False
elcos-45-aop-top-jrs#BlackZigZa,116.0,108.0,102.0,63.0,54.0,5,False,False
elcos-top#LightGrey,118.0,110.0,104.0,61.0,53.0,5,False,False
elina-lace-frill-blouse#Black,90.0,90.0,102.0,64.0,70.0,5,False,False
ella-funnel-neck-top#Khaki,119.0,119.0,119.0,60.0,71.0,5,False,False
ember-knit#EmberGlow,116.0,112.0,122.0,66.0,70.0,5,False,False
emerald-knit#Emerald,110.0,106.0,102.0,65.0,70.0,5,False,False
endeavor-long-sleeve-tee#Stripe,108.0,,,,,1,False,True
everyday-linen-tunic#BotanicalB,98.0,94.0,104.0,86.0,51.0,5,False,False
faith-jumper#Eventide,94.0,88.0,78.0,62.0,70.0,5,False,False
falling-flowers-blouse#DustyPink,102.0,108.0,116.0,64.0,67.0,5,False,False
falling-flowers-cardi#GreyMarle,141.0,133.0,135.0,104.0,78.0,5,False,False
falling-for-you-cardi#Black,,,,116.0,64.0,2,False,True
falling-for-you-cardi#Dusty,,,,116.0,64.0,2,False,True
falling-for-you-cardi#GreyMarle,,,,116.0,64.0,2,False,True
falling-for-you-cardi#Khaki,,,,116.0,64.0,2,False,True
falling-for-you-cardi#Mustard,,,,116.0,64.0,2,False,True
falling-for-you-cardi#Navy,,,,116.0,64.0,2,False,True
falling-for-you-cardi#Port,,,,116.0,64.0,2,False,True
falling-for-you-cardi#Rust,,,,116.0,64.0,2,False,True
falling-for-you-cardi#Teal,,,,116.0,64.0,2,False,True
falling-for-you-cardi-1#GreyGarden,,,,116.0,64.0,2,False,True
falling-for-you-cardi-2#WinterRose,,,,116.0,64.0,2,False,True
falling-for-you-top#Blue,131.0,130.0,161.0,70.0,56.0,5,False,False
falling-for-you-tunic#Black,121.0,124.0,139.0,123.0,66.0,5,False,False
falling-for-you-tunic#Rust,121.0,124.0,139.0,123.0,66.0,5,False,False
felicity-cardigan#Dewkist,124.0,118.0,,52.0,68.0,4,False,True
fern-print-top#Navy,116.0,114.0,124.0,70.0,23.0,5,False,False
first-love-kimono-jacket#Stone,135.0,,153.0,,63.0,3,False,True
first-mix-top-1#BlackWhite,102.0,106.0,,60.0,24.0,4,False,True
floating-by-you-blouse#SeaFleur,133.0,139.0,165.0,83.0,74.0,5,False,False
floral-blouse-2#NavyMulti,102.0,116.0,120.0,65.0,64.0,5,False,False
floral-embroidered-jumper#Navy,137.0,141.0,116.0,63.0,64.0,5,False,False
floral-nehru-print-shirt#Pink,136.0,137.0,146.0,73.0,61.0,5,False,False
flow-with-me-slouch-top#Brick,179.0,177.0,180.0,68.0,59.0,5,False,False
fluid-tunic-top#White,106.0,106.0,122.0,68.0,69.0,5,False,False
flying-free-top-3#WhiteBird,122.0,126.0,142.0,69.0,,4,False,True
foil-2-in-1-spot-top#Charcoal,123.0,124.0,147.0,77.0,64.0,5,False,False
foil-print-top-2#Navy,118.0,114.0,106.0,69.0,55.0,5,False,False
foil-spot-jumper#SilverDot,116.0,114.0,110.0,66.0,69.0,5,False,False
foil-spot-tee-1#Navy,100.0,114.0,124.0,70.0,30.0,5,False,False
foil-striped-2-in-1-top#Blue,127.0,,147.0,80.0,55.0,4,False,True
for-the-frill-top#Ivory,130.0,132.0,147.0,66.0,,4,False,True
forget-me-knot-tunic#ForgetMeK,94.0,78.0,108.0,123.0,65.0,5,False,False
freya-fringe-blouse#Navy,100.0,104.0,126.0,67.0,,4,False,True
frill-blouse#Rust,110.0,114.0,120.0,66.0,50.0,5,False,False
frill-me-tie-throw-on#WhiteBlk,121.0,111.0,115.0,72.0,78.0,5,False,False
frill-sleeve-top-1#LeafPrint,108.0,110.0,116.0,63.0,46.0,5,False,False
frost-cardigan#Mauvewoo,120.0,120.0,122.0,89.0,63.0,5,False,False
fundamental-rib-long-sleeve-tee#Black,116.0,108.0,116.0,72.0,70.0,5,False,False
fundamental-rib-long-sleeve-tee#White,116.0,108.0,116.0,72.0,70.0,5,False,False
fundamental-split-hoodie#Navy,128.0,116.0,104.0,64.0,74.0,5,False,False
fundamental-split-hoodie#Pink,128.0,116.0,104.0,64.0,74.0,5,False,False
fundamental-split-hoodie-1#Khaki,140.0,135.0,116.0,60.0,72.0,5,False,False
fundamental-split-hoodie-1#Lilac,140.0,135.0,116.0,60.0,72.0,5,False,False
fundamental-stripe-long-sleeve-tee#WhiteBlack,110.0,106.0,112.0,72.0,70.0,5,False,False
fundamental-sydney-crew#Burgundy,120.0,114.0,116.0,66.0,72.0,5,False,False
fundamental-sydney-crew#GreyMarle,120.0,114.0,116.0,66.0,72.0,5,False,False
fundamental-sydney-crew#Navy,120.0,114.0,116.0,66.0,72.0,5,False,False
fundamental-vee-tee#Black,104.0,104.0,108.0,70.0,26.0,5,False,False
fundamental-vee-tee#GreyMarle,104.0,104.0,108.0,70.0,26.0,5,False,False
fundamental-vee-tee#Navy,104.0,104.0,108.0,70.0,26.0,5,False,False
fundamental-vee-tee#Pink,104.0,104.0,108.0,70.0,26.0,5,False,False
fundamental-vee-tee#White,104.0,104.0,108.0,70.0,26.0,5,False,False
funnel-neck-knit-jumper#BlueMulti,114.0,112.0,112.0,50.0,62.0,5,False,False
geena-xo-ls-pullover-knit#Allure,100.0,95.0,96.0,52.0,53.0,5,False,False
geena-xo-ls-pullover-knit#WhiteCapGr,100.0,95.0,96.0,52.0,53.0,5,False,False
geneva-v-neck-top#Black,120.0,120.0,120.0,66.0,65.0,5,False,False
geneva-v-neck-top#ClaySpot,120.0,120.0,120.0,66.0,65.0,5,False,False
geneva-v-neck-top#HeatheGrey,120.0,120.0,120.0,66.0,65.0,5,False,False
geneva-v-neck-top#Olive,120.0,120.0,120.0,66.0,65.0,5,False,False
germaine-blouse#Pearl,102.0,102.0,104.0,69.0,75.0,5,False,False
glasgow-top#Melange,92.0,82.0,92.0,65.0,70.0,5,False,False
gloria-applique-crew#Charcoal,102.0,100.0,102.0,63.0,74.0,5,False,False
grace-oversized-knit#Black,120.0,140.0,140.0,65.0,30.0,5,False,False
grace-oversized-knit#Clay,120.0,140.0,140.0,65.0,30.0,5,False,False
grace-oversized-knit#InkWhite,120.0,140.0,140.0,65.0,30.0,5,False,False
grace-oversized-knit#StoneBlack,120.0,140.0,140.0,65.0,30.0,5,False,False
great-scot-merino-carcoat#Twilight,110.0,110.0,112.0,74.0,62.0,5,False,False
hacienda-tunic-5#PatchGold,94.0,108.0,138.0,70.0,46.0,5,False,False
hacienda-tunic-pushkar#Cornflower,100.0,120.0,140.0,60.0,51.0,5,False,False
half-sleeve-fluffy-knit#Ivory,144.0,124.0,92.0,62.0,56.0,5,False,False
hannah-tee-1#Black,100.0,100.0,110.0,72.0,32.0,5,False,False
hannah-tee-1#RedWhite,100.0,100.0,110.0,72.0,32.0,5,False,False
hayley-button-down#NavySparro,100.0,96.0,108.0,66.0,73.0,5,False,False
haze-swing-top#OffWhite,110.0,146.0,,62.0,,3,False,True
heart-spliced-top#Navy,112.0,120.0,128.0,68.0,33.0,5,False,False
heartmade-cardi#DustyRose,120.0,120.0,120.0,107.0,60.0,5,False,False
heartmade-sweater#Rust,140.0,,110.0,52.0,69.0,4,False,True
hem-frill-stripe-top#Frilled,142.0,,,66.0,,2,False,True
hem-frill-stripe-top#SoFrilled,142.0,,,66.0,,2,False,True
henson-jumper#Cream,84.0,84.0,84.0,56.0,68.0,5,False,False
high-neck-tie-top#Black,82.0,92.0,96.0,60.0,,4,False,True
high-street-knit#NavyStripe,94.0,96.0,98.0,64.0,60.0,5,False,False
holly-rib-long-sleeve-tee#Black,86.0,86.0,92.0,65.0,66.0,5,False,False
holly-rib-long-sleeve-tee#Khaki,86.0,86.0,92.0,65.0,66.0,5,False,False
holly-rib-long-sleeve-tee#WhiteGrey,86.0,86.0,92.0,65.0,66.0,5,False,False
horizontal-cabel-pullover#EnglishRos,110.0,108.0,114.0,58.0,70.0,5,False,False
hydrangea-kimono#Hydrangea,130.0,,,122.0,69.0,3,False,True
icing-sugar-top#Ivory,102.0,106.0,150.0,70.0,,4,False,True
in-transit-cardi#Navy,128.0,128.0,128.0,86.0,76.0,5,False,False
indi-crosover-front-blouse#MixedStrip,98.0,94.0,,57.0,62.0,4,False,True
ines-top#NavyStrip,102.0,106.0,112.0,55.0,42.0,5,False,False
irena-embroidered-blouse#DustyRose,108.0,110.0,110.0,68.0,75.0,5,False,False
ivy-cosy-pullover#Blossom,144.0,130.0,124.0,67.0,69.0,5,False,False
ivy-cosy-pullover#Storm,144.0,130.0,124.0,67.0,69.0,5,False,False
jade-kimono-kaleidoscope#Blue,142.0,,130.0,81.0,63.0,4,False,True
jade-kimono-sweet-blossoms#Blue,142.0,,130.0,81.0,65.0,4,False,True
janet-frill-shirt#White,110.0,112.0,116.0,72.0,74.0,5,False,False
jasmine-singlet#White,102.0,140.0,140.0,57.0,,4,False,True
je-taime-knit#Navy,134.0,124.0,124.0,62.0,71.0,5,False,False
jersey-split-back-hooded-top#NavyStrip,124.0,140.0,150.0,63.0,57.0,5,False,False
jewel-knit#GreyMarle,120.0,120.0,104.0,61.0,72.0,5,False,False
jordan-top#PearlBlue,106.0,118.0,124.0,58.0,56.0,5,False,False
juno-cardigan#GreyMarle,120.0,106.0,104.0,74.0,72.0,5,False,False
karmen-top#HighRiskRe,98.0,102.0,,57.0,,3,False,True
kimberly-spliced-top#Black,106.0,108.0,110.0,68.0,70.0,5,False,False
kimberly-spliced-top#Zebraprint,106.0,108.0,110.0,68.0,70.0,5,False,False
kimono-and-me-cardi#DustyPink,127.0,127.0,127.0,119.0,77.0,5,False,False
kimono-and-me-cardi#Sand,127.0,127.0,127.0,119.0,77.0,5,False,False
kimono-top-36#BlueMarle,140.0,,92.0,55.0,42.0,4,False,True
knit-hoodie-1#Sage,110.0,100.0,80.0,54.0,70.0,5,False,False
lake-house-top#CoalPrint,90.0,86.0,124.0,63.0,69.0,5,False,False
laurina-stripe-pullover#NightSky,104.0,104.0,108.0,60.0,67.0,5,False,False
lavaux-bell-sleeve#Mustard,180.0,166.0,160.0,65.0,65.0,5,False,False
layer-me-bamboo-rouched-sleeve-tee#Black,109.0,99.0,113.0,64.0,71.0,5,False,False
layer-me-bamboo-rouched-sleeve-tee#Copper,109.0,99.0,113.0,64.0,71.0,5,False,False
layer-me-bamboo-rouched-sleeve-tee#Fern,109.0,99.0,113.0,64.0,71.0,5,False,False
layer-me-bamboo-rouched-sleeve-tee#White,109.0,99.0,113.0,64.0,71.0,5,False,False
layer-me-cotton-candy-top#Cream,116.0,122.0,174.0,65.0,71.0,5,False,False
layer-top-1#Navy,100.0,96.0,,63.0,58.0,4,False,True
layered-sleeve-top#DarkBlue,137.0,118.0,115.0,63.0,45.0,5,False,False
layered-sleeve-top#Moss,137.0,118.0,115.0,63.0,45.0,5,False,False
layered-stripe-top#PinkStripe,114.0,124.0,138.0,61.0,56.0,5,False,False
layered-tee-2#Black,108.0,112.0,122.0,68.0,69.0,5,False,False
layered-tee-2#White,108.0,112.0,122.0,68.0,69.0,5,False,False
layered-top-2#Navy,96.0,100.0,110.0,66.0,,4,False,True
layered-top-2#White,96.0,100.0,110.0,66.0,,4,False,True
layered-tunic-1#Natural,92.0,112.0,134.0,82.0,,4,False,True
layered-tunic-1#PalePink,92.0,112.0,134.0,82.0,,4,False,True
layered-tunic-1#White,92.0,112.0,134.0,82.0,,4,False,True
layla-long-line-kimono#MultiStrip,130.0,134.0,144.0,130.0,50.0,5,False,False
lazy-daze-tee#Khaki,147.0,137.0,141.0,65.0,65.0,5,False,False
leah-knit-cardigan#Black,102.0,100.0,106.0,101.0,73.0,5,False,False
leah-knit-cardigan#WhiteBlk,102.0,100.0,106.0,101.0,73.0,5,False,False
leary-cardigan#Pine,102.0,100.0,100.0,95.0,80.0,5,False,False
lenka-lurex-stripe-blouse#NavyGoldSt,78.0,124.0,128.0,130.0,60.0,5,False,False
leopard-print-kimono#GoldMulti,,,158.0,89.0,57.0,3,False,True
lilly-layer-stripe-tank#NavyWhite,102.0,108.0,120.0,66.0,,4,False,True
linen-cotton-shirt#White,112.0,120.0,132.0,72.0,40.0,5,False,False
linen-v-neck-cami-2#BlueWhite,98.0,110.0,116.0,46.0,,4,False,True
llama-long-sleeve-shirt#Mustard,110.0,114.0,,70.0,71.0,4,False,True
lola-bell-sleeve-top-ditsy-daisies#Blue,128.0,,138.0,66.0,29.0,4,False,True
lola-bell-sleeve-top-entangled-vines#Gold,128.0,,138.0,66.0,24.0,4,False,True
long-sleeve-check-top#Check,137.0,,,70.0,59.0,3,False,True
long-sleeve-layer-top#Navy,108.0,122.0,130.0,68.0,69.0,5,False,False
long-sleeve-layer-top#White,108.0,122.0,130.0,68.0,69.0,5,False,False
long-sleeve-ruffle-shirt#Black,114.0,114.0,160.0,66.0,55.0,5,False,False
long-sleeve-ruffle-shirt#Navy,114.0,114.0,160.0,66.0,55.0,5,False,False
long-sleeve-ruffle-shirt#White,114.0,114.0,160.0,66.0,55.0,5,False,False
long-sleeve-softly-swinging-bamboo-tee#Black,113.0,121.0,153.0,78.0,72.0,5,False,False
long-sleeve-softly-swinging-bamboo-tee#BlueJeans,113.0,121.0,153.0,78.0,72.0,5,False,False
long-sleeve-softly-swinging-bamboo-tee#Cashew,113.0,121.0,153.0,78.0,72.0,5,False,False
long-sleeve-softly-swinging-bamboo-tee#Combat,113.0,121.0,153.0,78.0,72.0,5,False,False
long-sleeve-softly-swinging-bamboo-tee#Copper,113.0,121.0,153.0,78.0,72.0,5,False,False
long-sleeve-softly-swinging-bamboo-tee#DuckEgg,113.0,121.0,153.0,78.0,72.0,5,False,False
long-sleeve-softly-swinging-bamboo-tee#Fern,113.0,121.0,153.0,78.0,72.0,5,False,False
long-sleeve-softly-swinging-bamboo-tee#Navy,113.0,121.0,153.0,78.0,72.0,5,False,False
long-sleeve-softly-swinging-bamboo-tee#Oyster,113.0,121.0,153.0,78.0,72.0,5,False,False
long-sleeve-softly-swinging-bamboo-tee#SilverScon,113.0,121.0,153.0,78.0,72.0,5,False,False
long-sleeve-softly-swinging-bamboo-tee#Smoke,113.0,121.0,153.0,78.0,72.0,5,False,False
long-sleeve-softly-swinging-bamboo-tee#Storm,113.0,121.0,153.0,78.0,72.0,5,False,False
long-sleeve-softly-swinging-bamboo-tee#TeaRose,113.0,121.0,153.0,78.0,72.0,5,False,False
long-sleeve-softly-swinging-bamboo-tee#White,113.0,121.0,153.0,78.0,72.0,5,False,False
long-sleeve-spot-top#Multispot,177.0,,157.0,67.0,,3,False,True
long-sleeve-tee-2#NavyWhite,92.0,88.0,102.0,64.0,66.0,5,False,False
longline-cardigan-2#Pink,120.0,,134.0,82.0,68.0,4,False,True
longline-gather-back-shirt#Black,118.0,144.0,160.0,83.0,57.0,5,False,False
love-song-relaxed-blouse#SagePearl,126.0,152.0,122.0,65.0,64.0,5,False,False
lucy-rib-oversized-top#Black,114.0,114.0,114.0,65.0,65.0,5,False,False
lucy-rib-oversized-top#WhiteGrey,114.0,114.0,114.0,65.0,65.0,5,False,False
lurex-stitch-top#White,130.0,126.0,130.0,67.0,35.0,5,False,False
luxe-shirt#Black,130.0,,120.0,72.0,70.0,4,False,True
luxe-shirt#Champagne,130.0,,120.0,72.0,70.0,4,False,True
luxe-shirt#Navy,130.0,,120.0,72.0,70.0,4,False,True
magnolia-fields-keyhole-blouse#Magnolia,88.0,84.0,120.0,65.0,68.0,5,False,False
makeover-blouse#LimeGreen,,,,66.0,39.0,2,False,True
malibu-cardigan#Navy,100.0,110.0,136.0,74.0,66.0,5,False,False
malibu-cardigan#Wine,100.0,110.0,136.0,74.0,66.0,5,False,False
manhattan-stretch-tee#Black,94.0,92.0,104.0,65.0,29.0,5,False,False
manhattan-stretch-tee#NavyWhtStr,94.0,92.0,104.0,65.0,29.0,5,False,False
manhattan-stretch-tee#Navy,94.0,92.0,104.0,65.0,29.0,5,False,False
manhattan-stretch-tee#White,94.0,92.0,104.0,65.0,29.0,5,False,False
marjorie-tie-blouse#BluePrint,112.0,110.0,112.0,63.0,68.0,5,False,False
marlow-cardigan#Cream,116.0,116.0,120.0,70.0,74.0,5,False,False
marquax-tunic#OnyxSpeck,122.0,120.0,148.0,75.0,43.0,5,False,False
mauevewood-crew#Charcoal,122.0,116.0,116.0,64.0,76.0,5,False,False
mauevewood-crew#YellowWhit,122.0,116.0,116.0,64.0,76.0,5,False,False
maui-stretch-tee#Black,130.0,96.0,96.0,66.0,29.0,5,False,False
maui-stretch-tee#NavyWhtStr,130.0,96.0,96.0,66.0,29.0,5,False,False
maui-stretch-tee#Navy,130.0,96.0,96.0,66.0,29.0,5,False,False
maui-stretch-tee#White,130.0,96.0,96.0,66.0,29.0,5,False,False
meadow-cardigan#Cream,104.0,104.0,104.0,107.0,70.0,5,False,False
meera-oversized-shirt#Mint,142.0,128.0,122.0,64.0,44.0,5,False,False
melbourne-stretch-cardigan#Black,116.0,95.0,100.0,60.0,70.0,5,False,False
melbourne-stretch-cardigan#NavyWhtStr,116.0,95.0,100.0,60.0,70.0,5,False,False
melbourne-stretch-cardigan#Navy,116.0,95.0,100.0,60.0,70.0,5,False,False
meredith-78-oversized-pullover-knit#CameoRose,164.0,164.0,,56.0,55.0,4,False,True
meredith-78-oversized-pullover-knit#WhiteCapGr,164.0,164.0,,56.0,55.0,4,False,True
merino-boyfriend-cardigan#MelangeStr,104.0,96.0,102.0,73.0,66.0,5,False,False
messina-knit#Cognac,148.0,142.0,142.0,65.0,67.0,5,False,False
messina-knit-1#Shiraz,148.0,142.0,142.0,65.0,67.0,5,False,False
messina-v-neck-tee#Black,114.0,114.0,118.0,66.0,37.0,5,False,False
messina-v-neck-tee#White,114.0,114.0,118.0,66.0,37.0,5,False,False
midtown-ruffle-shirt#BoldRed,108.0,116.0,60.0,63.0,69.0,5,False,False
mila-knit-cardigan#Black,102.0,100.0,98.0,100.0,66.0,5,False,False
mila-knit-cardigan#Clay,102.0,100.0,98.0,100.0,66.0,5,False,False
mila-knit-cardigan#InkWhite,102.0,100.0,98.0,100.0,66.0,5,False,False
mila-knit-cardigan#StoneBlack,102.0,100.0,98.0,100.0,66.0,5,False,False
milan-34-sleeve-1#Melange,130.0,122.0,126.0,62.0,57.0,5,False,False
milan-stretch-top#Black,130.0,122.0,126.0,62.0,57.0,5,False,False
milan-stretch-top#NavyWhtStr,130.0,122.0,126.0,62.0,57.0,5,False,False
milan-stretch-top#Navy,130.0,122.0,126.0,62.0,57.0,5,False,False
milan-stretch-top#SilverMarl,130.0,122.0,126.0,62.0,57.0,5,False,False
milan-stretch-top#White,130.0,122.0,126.0,62.0,57.0,5,False,False
millie-top#BlackSpot,104.0,100.0,110.0,65.0,72.0,5,False,False
millie-top#Blush,104.0,100.0,110.0,65.0,72.0,5,False,False
millie-top#Moss,104.0,100.0,110.0,65.0,72.0,5,False,False
millie-top#WhiteBlk,104.0,100.0,110.0,65.0,72.0,5,False,False
mixed-messages-jumper#MixedStrip,106.0,98.0,,57.0,67.0,4,False,True
monaco-knot-top#Black,86.0,76.0,82.0,64.0,70.0,5,False,False
monaco-knot-top#ClaySpot,86.0,76.0,82.0,64.0,70.0,5,False,False
monaco-knot-top#HeatheGrey,86.0,76.0,82.0,64.0,70.0,5,False,False
monaco-knot-top#Olive,86.0,76.0,82.0,64.0,70.0,5,False,False
monaco-sweater#BlackCream,120.0,,124.0,52.0,65.0,4,False,True
moonlight-kisses-bamboo-tee#Black,117.0,121.0,151.0,80.0,70.0,5,False,False
moonlight-kisses-bamboo-tee#Combat,117.0,121.0,151.0,80.0,70.0,5,False,False
moonlight-kisses-bamboo-tee#Saffron,117.0,121.0,151.0,80.0,70.0,5,False,False
moonlight-kisses-bamboo-tee#White,117.0,121.0,151.0,80.0,70.0,5,False,False
multi-pattern-print-top#NavyMulti,100.0,102.0,110.0,70.0,52.0,5,False,False
multi-sequin-dot-stripe-top#Navy,106.0,104.0,120.0,72.0,35.0,5,False,False
multi-stripe-jumper#NavyMulti,122.0,120.0,120.0,64.0,69.0,5,False,False
napoleon-top-1#NemoBlue,100.0,110.0,108.0,60.0,54.0,5,False,False
napoleon-top-1#NemoRed,100.0,110.0,108.0,60.0,54.0,5,False,False
natural-classic-cardigan#Pebble,106.0,,109.0,99.0,53.0,4,False,True
natural-cosy-sweater#Rosered,124.0,,,59.0,,2,False,True
natural-cropped-sleeve-knit#Cloudcover,111.0,,115.0,71.0,29.0,4,False,True
natural-cross-back-knit#Lightsmoke,140.0,,122.0,68.0,,3,False,True
natural-crossover-knit-1#Stormcloud,86.0,100.0,112.0,77.0,67.0,5,False,False
natural-detailed-sweater#Tinroof,118.0,,138.0,67.0,,3,False,True
natural-extra-fine-sweater#Snowgum,123.0,,71.0,69.0,65.0,4,False,True
natural-overlay-knit#Greybloss,136.0,,136.0,70.0,68.0,4,False,True
natural-pattern-cocoon-cardigan#Blossom,180.0,,124.0,70.0,55.0,4,False,True
natural-rolled-neck-tunic#BlueDam,124.0,,126.0,77.0,50.0,4,False,True
natural-textured-poncho#Deeprain,,,,76.0,,1,False,True
natural-tie-tunic#BlueSky,108.0,106.0,112.0,72.0,56.0,5,False,False
natural-waterfall-cardigan#Fallendust,,,,82.0,66.0,2,False,True
nature-ls-top#BlueGum,94.0,120.0,136.0,61.0,73.0,5,False,False
neptune-top-1#PrimBlack,108.0,110.0,120.0,75.0,53.0,5,False,False
never-ending-winter-knit-top#DeluxeGree,150.0,150.0,150.0,73.0,23.0,5,False,False
niue-neck-tie-shirt#LightBlue,84.0,100.0,108.0,62.0,63.0,5,False,False
not-today-buttoned-cardigan#Almond,102.0,104.0,,50.0,65.0,4,False,True
nova-lux-long-sleeve-tie-top#AidaStripe,100.0,104.0,106.0,60.0,73.0,5,False,False
nova-lux-long-sleeve-tie-top-1#CloudDance,100.0,104.0,106.0,60.0,73.0,5,False,False
nova-lux-long-sleeve-tie-top-1#NightSky,100.0,104.0,106.0,60.0,73.0,5,False,False
nova-lux-long-sleeve-tie-top-1#SimplyGree,100.0,104.0,106.0,60.0,73.0,5,False,False
nova-lux-solid-v-neck-placket-shirt#CloudDance,102.0,104.0,110.0,64.0,69.0,5,False,False
nuzuri-longline-cardi#Forest,124.0,,160.0,125.0,73.0,4,False,True
off-shoulder-top-1#Strawberry,114.0,124.0,,55.0,20.0,4,False,True
off-shoulder-top-2#FloraLace,122.0,,,59.0,32.0,3,False,True
on-safari-blouse#Jewel,,,,80.0,48.0,2,False,True
on-the-horizon-swing-top-1#Khaki,180.0,,178.0,79.0,,3,False,True
on-the-open-road-maxi-shirt#DarkOchre,131.0,139.0,71.0,128.0,76.0,5,False,False
open-plains-kimono-throw-1#Rust,180.0,180.0,180.0,88.0,50.0,5,False,False
oregon-safari-embroidered-top#White,108.0,108.0,120.0,72.0,46.0,5,False,False
out-of-my-mind-scallop-knit#GreyMarle,130.0,124.0,116.0,54.0,66.0,5,False,False
overlay-top-2#Black,106.0,112.0,110.0,70.0,22.0,5,False,False
overlay-tunic-3-pce-set#Emerald,98.0,96.0,100.0,112.0,70.0,5,False,False
oversize-contrast-hood-top#Steel,155.0,148.0,155.0,57.0,65.0,5,False,False
paige-top#Black,73.0,59.0,,72.0,66.0,4,False,True
paint-stroke-top#Strokes,128.0,104.0,170.0,62.0,68.0,5,False,False
paisley-top-1#Paisley,104.0,120.0,120.0,62.0,62.0,5,False,False
panelled-stripe-top#NavyWhite,110.0,116.0,118.0,70.0,67.0,5,False,False
paradise-cardi#MultiStrip,120.0,122.0,126.0,87.0,67.0,5,False,False
paradise-top#Red,102.0,128.0,,60.0,,3,False,True
paradising-buttoned-shirt#Wheat,100.0,104.0,110.0,54.0,36.0,5,False,False
partly-cloudy-knit#Black,130.0,130.0,,52.0,66.0,4,False,True
partly-cloudy-knit#PawPaw,130.0,130.0,,52.0,66.0,4,False,True
patchwork-tunic#Patchwork,129.0,130.0,,92.0,76.0,4,False,True
pattern-tunic-1#Lattice,180.0,174.0,164.0,61.0,38.0,5,False,False
peasant-top-3#Denim,112.0,144.0,168.0,53.0,29.0,5,False,False
picnic-top#BlackWhite,106.0,108.0,112.0,63.0,52.0,5,False,False
placement-print-shirt#WhiteNavy,131.0,110.0,144.0,73.0,51.0,5,False,False
pocket-shirt-1#Ivory,100.0,110.0,116.0,84.0,60.0,5,False,False
poncho-2#NavySilver,170.0,170.0,170.0,69.0,34.0,5,False,False
ponte-spot-top#BlackWhite,112.0,118.0,150.0,71.0,63.0,5,False,False
prairie-romance-blouse#Blush,136.0,140.0,162.0,75.0,76.0,5,False,False
prickly-cactus-crew#Pink,120.0,114.0,110.0,66.0,73.0,5,False,False
print-shirt-1#Blush,104.0,120.0,150.0,74.0,56.0,5,False,False
print-tee-3#Bike,140.0,143.0,163.0,,34.0,4,False,True
print-tee-3#Boats,140.0,143.0,163.0,,34.0,4,False,True
print-tee-3#Cntryhous,140.0,143.0,163.0,,34.0,4,False,True
print-tee-3#Music,140.0,143.0,163.0,,34.0,4,False,True
printed-tunic-7#RedCheck,132.0,135.0,122.0,100.0,73.0,5,False,False
printed-v-neck-blouse#NavyWhite,100.0,100.0,110.0,67.0,70.0,5,False,False
printed-v-neck-top#Striped,131.0,,142.0,68.0,34.0,4,False,True
pulkari-emb-top#Pulkari,98.0,100.0,106.0,70.0,38.0,5,False,False
pure-merino-fine-rib-polo#BlackStri,92.0,80.0,90.0,68.0,69.0,5,False,False
pure-merino-fine-rib-v-neck#Charcoal,86.0,76.0,94.0,,70.0,4,False,True
rama-top#Stonewash,132.0,144.0,158.0,60.0,30.0,5,False,False
raspberry-ls-tee#WhiteRaspb,112.0,112.0,118.0,73.0,70.0,5,False,False
relaxed-animal-print-blouse#Leopard,148.0,,142.0,58.0,69.0,4,False,True
relaxed-cape#Black,130.0,140.0,,59.0,70.0,4,False,True
relaxed-cape#WhiteBlack,130.0,140.0,,59.0,70.0,4,False,True
relaxed-top-1#FloraStrip,140.0,,,73.0,46.0,3,False,True
relaxed-v-neck-knit#Silver,102.0,96.0,100.0,64.0,74.0,5,False,False
renee-sweater#Sapphire,90.0,92.0,98.0,58.0,61.0,5,False,False
reversible-scoopv-neck-tank#Black,96.0,102.0,112.0,69.0,,4,False,True
reversible-scoopv-neck-tank#Navy,96.0,102.0,112.0,69.0,,4,False,True
reversible-scoopv-neck-tank#White,96.0,102.0,112.0,69.0,,4,False,True
reversible-stripe-vee-scoop-neck-tank#BlackWhite,100.0,104.0,110.0,70.0,,4,False,True
rib-tank-2#Black,104.0,106.0,112.0,69.0,,4,False,True
rib-tank-2#Khaki,104.0,106.0,112.0,69.0,,4,False,True
rib-tank-2#Mustard,104.0,106.0,112.0,69.0,,4,False,True
rib-tank-2#Navy,104.0,106.0,112.0,69.0,,4,False,True
rib-tank-2#Red,104.0,106.0,112.0,69.0,,4,False,True
rib-tank-2#White,104.0,106.0,112.0,69.0,,4,False,True
ricki-one-shoulder-top#BlackWhite,92.0,94.0,104.0,66.0,70.0,5,False,False
rika-top#BatikTile,90.0,92.0,92.0,57.0,,4,False,True
rise-top#Ink,114.0,110.0,112.0,61.0,58.0,5,False,False
rising-mist-jumper#Nickel,,,,59.0,79.0,2,False,True
robyn-top-1#Roanne,108.0,,112.0,64.0,67.0,4,False,True
roll-neck-jumper-3#GreyMarl,100.0,100.0,100.0,68.0,54.0,5,False,False
roll-with-me-jumper#Chalk,124.0,130.0,116.0,55.0,74.0,5,False,False
rory-spliced-zip-hoodie#Silver,108.0,108.0,106.0,63.0,73.0,5,False,False
rory-spliced-zip-hoodie#Slate,108.0,108.0,106.0,63.0,73.0,5,False,False
rose-shirt#BlueIllusi,112.0,110.0,114.0,68.0,71.0,5,False,False
rosie-bell-sleeve-denim-shirt#Stripe,100.0,104.0,,54.0,68.0,4,False,True
ruffle-hem-jersey-top#Pink,110.0,114.0,126.0,72.0,62.0,5,False,False
ruffle-sleeve-top-1#Black,129.0,114.0,142.0,77.0,48.0,5,False,False
ruffle-top-4#Black,110.0,110.0,116.0,64.0,61.0,5,False,False
ruffle-top-4#Terracotta,110.0,110.0,116.0,64.0,61.0,5,False,False
runaway-top#JetBlack,118.0,,138.0,50.0,,3,False,True
runaway-top#Sand,118.0,,138.0,50.0,,3,False,True
runaway-top#SoftMint,118.0,,138.0,50.0,,3,False,True
runaway-top#SoftPink,118.0,,138.0,50.0,,3,False,True
ryder-cosy-sweater#Blossom,110.0,110.0,120.0,61.0,70.0,5,False,False
saba-top-2#Catus,94.0,100.0,108.0,59.0,,4,False,True
sadie-crew#GreyMarle,160.0,,122.0,64.0,57.0,4,False,True
sailaway-blouse#OxfordBlue,112.0,114.0,,68.0,65.0,4,False,True
sand-queen-throw-blouse#Fleur,133.0,133.0,,74.0,65.0,4,False,True
sandy-off-the-shoulder-top#Gingham,102.0,110.0,110.0,59.0,52.0,5,False,False
seeker-knot-front-shirt#Olive,106.0,108.0,106.0,55.0,69.0,5,False,False
selene-cardigan#Ivy,160.0,160.0,168.0,87.0,71.0,5,False,False
selma-top-1#IndoStripe,100.0,132.0,148.0,65.0,21.0,5,False,False
sequin-cross-2-in-1-top#Khaki,127.0,102.0,108.0,81.0,59.0,5,False,False
sequin-cross-2-in-1-top#Navy,127.0,102.0,108.0,81.0,59.0,5,False,False
sequin-heart-layered-top#Natural,120.0,140.0,140.0,67.0,67.0,5,False,False
sequin-spot-cardi#Grey,104.0,108.0,108.0,81.0,68.0,5,False,False
sequin-spot-shirt#Blue,132.0,135.0,110.0,75.0,75.0,5,False,False
sequin-star-tee#Navy,106.0,120.0,136.0,74.0,30.0,5,False,False
shell-top-3#PapBlue,102.0,116.0,152.0,75.0,68.0,5,False,False
shirt-in-a-box#Silver,96.0,98.0,100.0,71.0,,4,False,True
side-buttoned-sweater#Buttoned,113.0,,,70.0,51.0,3,False,True
silver-cross-sweater#Silver,108.0,108.0,114.0,66.0,61.0,5,False,False
silver-dot-tie-sleeve-blouse#SilverDotP,102.0,104.0,120.0,61.0,68.0,5,False,False
skipping-stones-tunic#Forest,138.0,137.0,142.0,86.0,77.0,5,False,False
skipping-stones-tunic#Natural,138.0,137.0,142.0,86.0,77.0,5,False,False
sky-jumper-1#Clouds,136.0,128.0,126.0,55.0,60.0,5,False,False
sky-shirt#Clouds,148.0,144.0,144.0,62.0,70.0,5,False,False
snake-print-johnny-collar-top#BeigeSnake,120.0,114.0,120.0,70.0,76.0,5,False,False
snug-as-a-bug-jumper#Smoke,124.0,127.0,,51.0,48.0,4,False,True
soft-and-true-tunic#Pine,128.0,127.0,133.0,116.0,71.0,5,False,False
softly-falling-bamboo-tunic#Copper,126.0,136.0,154.0,106.0,48.0,5,False,False
softly-falling-bamboo-tunic#White,126.0,136.0,154.0,106.0,48.0,5,False,False
softly-swinging-bamboo-singlet#BlueJean,119.0,127.0,153.0,115.0,,4,False,True
softly-swinging-bamboo-singlet#Cashew,119.0,127.0,153.0,115.0,,4,False,True
softly-swinging-bamboo-tee#Black,109.0,120.0,164.0,77.0,32.0,5,False,False
softly-swinging-bamboo-tee#BlueJeans,109.0,120.0,164.0,77.0,32.0,5,False,False
softly-swinging-bamboo-tee#Blush,109.0,120.0,164.0,77.0,32.0,5,False,False
softly-swinging-bamboo-tee#Cashew,109.0,120.0,164.0,77.0,32.0,5,False,False
softly-swinging-bamboo-tee#Chambray,109.0,120.0,164.0,77.0,32.0,5,False,False
softly-swinging-bamboo-tee#Copper,109.0,120.0,164.0,77.0,32.0,5,False,False
softly-swinging-bamboo-tee#Jewel,109.0,120.0,164.0,77.0,32.0,5,False,False
softly-swinging-bamboo-tee#Navy,109.0,120.0,164.0,77.0,32.0,5,False,False
softly-swinging-bamboo-tee#Starfish,109.0,120.0,164.0,77.0,32.0,5,False,False
softly-swinging-bamboo-tee#Storm,109.0,120.0,164.0,77.0,32.0,5,False,False
softly-swinging-bamboo-tee#TeaRose,109.0,120.0,164.0,77.0,32.0,5,False,False
softly-swinging-bamboo-tee#White,109.0,120.0,164.0,77.0,32.0,5,False,False
soho-ruffle-jumper#OatmealMar,112.0,106.0,84.0,64.0,58.0,5,False,False
soho-v-neck-blouse#SohoPrint,92.0,94.0,,68.0,51.0,4,False,True
sontana-blouse#Stone,108.0,124.0,148.0,64.0,54.0,5,False,False
sparkly-star-tee#Blue,108.0,112.0,116.0,70.0,70.0,5,False,False
spiced-stripe-tee#NavyWhite,106.0,114.0,124.0,67.0,69.0,5,False,False
splice-knit-1#Multi,104.0,108.0,108.0,65.0,72.0,5,False,False
spliced-lace-panel-tee#White,122.0,,138.0,72.0,28.0,4,False,True
spliced-stripe-tunic#Navy,106.0,102.0,126.0,80.0,66.0,5,False,False
spot-layered-tee#Blue,120.0,130.0,146.0,63.0,61.0,5,False,False
square-nk-fray-trim-top#Denim,104.0,104.0,108.0,71.0,32.0,5,False,False
square-peg-pullover#SilverMix,106.0,108.0,108.0,65.0,68.0,5,False,False
st-helens-henley-tee#Sapphire,104.0,104.0,114.0,70.0,29.0,5,False,False
st-helens-henley-tee#White,104.0,104.0,114.0,70.0,29.0,5,False,False
star-and-spot-sweater#SilverMult,120.0,116.0,120.0,66.0,68.0,5,False,False
stara-cardigan#GreyMarle,112.0,,115.0,94.0,67.0,4,False,True
starry-night-cardi#Chalk,116.0,,,116.0,72.0,3,False,True
still-the-one-ruffle-blouse#Spot,108.0,112.0,116.0,58.0,70.0,5,False,False
stripe-me-happy-blouse#Ash,137.0,,,74.0,64.0,3,False,True
stripe-sweater-2#Blue,116.0,112.0,112.0,67.0,67.0,5,False,False
striped-cardigan-3#Rainbow,106.0,,106.0,60.0,74.0,4,False,True
striped-sleeve-sweater#Striped,,148.0,,,48.0,2,False,True
stud-trim-long-sleeve-top#Mint,141.0,139.0,153.0,80.0,51.0,5,False,False
sugar-snaps-layers-tank#Black,126.0,132.0,139.0,67.0,,4,False,True
sugar-snaps-layers-tank#Blue,126.0,132.0,139.0,67.0,,4,False,True
sugar-snaps-layers-tank#DeepCobalt,126.0,132.0,139.0,67.0,,4,False,True
sugar-snaps-layers-tank#DuckEgg,126.0,132.0,139.0,67.0,,4,False,True
sugar-snaps-layers-tank#Mint,126.0,132.0,139.0,67.0,,4,False,True
sugar-snaps-layers-tank#NewBeige,126.0,132.0,139.0,67.0,,4,False,True
sugar-snaps-layers-tank#PeachyKeen,126.0,132.0,139.0,67.0,,4,False,True
sugar-snaps-layers-tank#Red,126.0,132.0,139.0,67.0,,4,False,True
sugar-snaps-layers-tank#SeaGreen,126.0,132.0,139.0,67.0,,4,False,True
sugar-snaps-layers-tank#White,126.0,132.0,139.0,67.0,,4,False,True
sugar-snaps-round-neck-layer-tank#Black,123.0,132.0,157.0,68.0,,4,False,True
sugar-snaps-round-neck-layer-tank#DuckEgg,123.0,132.0,157.0,68.0,,4,False,True
sugar-snaps-round-neck-layer-tank#White,123.0,132.0,157.0,68.0,,4,False,True
sugar-snaps-throw-jacket#Black,169.0,176.0,94.0,100.0,36.0,5,False,False
sugar-snaps-throw-jacket#Duckegg,169.0,176.0,94.0,100.0,36.0,5,False,False
sugar-snaps-throw-jacket#White,169.0,176.0,94.0,100.0,36.0,5,False,False
summer-breeze-top-1#White,149.0,143.0,,118.0,61.0,4,False,True
summer-haze-top#Teal,127.0,139.0,165.0,68.0,,4,False,True
summer-whispers-kimono-1#Peacock,166.0,166.0,174.0,96.0,46.0,5,False,False
sunshine-in-me-tee-1#GreyMarle,127.0,,,73.0,,2,False,True
sunshine-in-me-tee-1#White,127.0,,,73.0,,2,False,True
suri-bell-sleeve-top#GreyMarle,108.0,102.0,104.0,63.0,66.0,5,False,False
tab-sleeve-longline-shirt#Navy,127.0,128.0,180.0,80.0,,4,False,True
tab-sleeve-longline-shirt#Pink,127.0,128.0,180.0,80.0,,4,False,True
tab-sleeve-longline-shirt#Silver,127.0,128.0,180.0,80.0,,4,False,True
the-asymmetrical-hem-sweater#Blush,130.0,,142.0,77.0,68.0,4,False,True
the-asymmetrical-tank-top#HotPink,128.0,131.0,141.0,66.0,,4,False,True
the-asymmetrical-tank-top#Indigo,128.0,131.0,141.0,66.0,,4,False,True
the-bamboo-tunic-dress#Khaki,130.0,,136.0,89.0,29.0,4,False,True
the-batwing-tee#Black,,104.0,90.0,75.0,54.0,4,False,True
the-batwing-tee#FrenchBlue,,104.0,90.0,75.0,54.0,4,False,True
the-batwing-tee#Sea,,104.0,90.0,75.0,54.0,4,False,True
the-batwing-tee#Stone,,104.0,90.0,75.0,54.0,4,False,True
the-bell-sleeve-top#BlkStripe,130.0,135.0,,71.0,64.0,4,False,True
the-bell-sleeve-top#Grey,130.0,135.0,,71.0,64.0,4,False,True
the-belle-sleeve-print-top#NavyPrint,138.0,137.0,,78.0,,3,False,True
the-blouson-sleeve-jumper#Grey,124.0,124.0,,72.0,68.0,4,False,True
the-blouson-sleeve-jumper#Navy,124.0,124.0,,72.0,68.0,4,False,True
the-boat-neck-top#Black,57.0,53.0,62.0,62.0,64.0,5,False,False
the-boat-neck-top#Navy,57.0,53.0,62.0,62.0,64.0,5,False,False
the-boat-neck-top-1#Ink,140.0,118.0,142.0,74.0,70.0,5,False,False
the-boat-neck-top-1#NavyWhite,140.0,118.0,142.0,74.0,70.0,5,False,False
the-bonded-cotton-shirt#Pink,142.0,143.0,144.0,89.0,,4,False,True
the-bonded-cotton-tunic-dress#Navy,135.0,139.0,155.0,111.0,,4,False,True
the-box-top#Blush,146.0,,156.0,78.0,42.0,4,False,True
the-box-top#Khaki,146.0,,156.0,78.0,42.0,4,False,True
the-button-up-swing-tunic#Wine,143.0,150.0,,90.0,72.0,4,False,True
the-cape-jersey-top#DarkNavy,111.0,107.0,123.0,71.0,73.0,5,False,False
the-cascade-blouse#Auburn,125.0,127.0,135.0,70.0,69.0,5,False,False
the-check-pullover#PinkCheck,177.0,173.0,177.0,67.0,60.0,5,False,False
the-colour-block-pullover#Sage,127.0,,,67.0,52.0,3,False,True
the-contrast-34-sleeve-top#Navy,128.0,140.0,170.0,65.0,55.0,5,False,False
the-contrast-detail-top#Ivory,130.0,,,69.0,45.0,3,False,True
the-contrast-knit-1#Navy,119.0,123.0,,73.0,74.0,4,False,True
the-contrast-knit-1#Sage,119.0,123.0,,73.0,74.0,4,False,True
the-contrast-panel-top#BlkStripe,130.0,,,73.0,,2,False,True
the-contrast-panel-top#SageStripe,130.0,,,73.0,,2,False,True
the-contrast-trim-knit#BlackWhite,126.0,,,79.0,,2,False,True
the-cosy-cardigan#Blue,145.0,,,97.0,75.0,3,False,True
the-cosy-cardigan#Grey,145.0,,,97.0,75.0,3,False,True
the-cotton-bamboo-ls-top#Black,137.0,,134.0,67.0,,3,False,True
the-cotton-bamboo-ls-top#NavyStripe,137.0,,134.0,67.0,,3,False,True
the-cotton-bamboo-tank#Chambray,115.0,124.0,149.0,71.0,,4,False,True
the-cotton-bamboo-tank#DarkNavy,115.0,124.0,149.0,71.0,,4,False,True
the-cotton-bamboo-tank#DuckEgg,115.0,124.0,149.0,71.0,,4,False,True
the-cotton-bamboo-tank#Moonbeam,115.0,124.0,149.0,71.0,,4,False,True
the-cotton-bamboo-tank#White,115.0,124.0,149.0,71.0,,4,False,True
the-cotton-bamboo-tee#BlueJeans,97.0,96.0,116.0,115.0,26.0,5,False,False
the-cotton-bamboo-tee#DuckEgg,97.0,96.0,116.0,115.0,26.0,5,False,False
the-cotton-bamboo-tee#DustyPink,97.0,96.0,116.0,115.0,26.0,5,False,False
the-cotton-bamboo-tee#White,97.0,96.0,116.0,115.0,26.0,5,False,False
the-cotton-blend-stripe-jumper#BlueStripe,124.0,,,76.0,47.0,3,False,True
the-cotton-cardi#Khaki,128.0,,,101.0,51.0,3,False,True
the-cotton-cardi#Navy,128.0,,,101.0,51.0,3,False,True
the-cotton-tie-detail-top#Ivory,131.0,126.0,130.0,63.0,,4,False,True
the-cross-front-spot-blouse#NavySpot,145.0,145.0,145.0,59.0,55.0,5,False,False
the-cross-front-spot-blouse#Spot,145.0,145.0,145.0,59.0,55.0,5,False,False
the-cross-over-blouse#Black,136.0,132.0,129.0,86.0,54.0,5,False,False
the-cross-over-blouse#Blue,136.0,132.0,129.0,86.0,54.0,5,False,False
the-cross-over-blouse#Mint,136.0,132.0,129.0,86.0,54.0,5,False,False
the-cross-over-blouse#Red,136.0,132.0,129.0,86.0,54.0,5,False,False
the-cross-over-blouse#RoyalBlue,136.0,132.0,129.0,86.0,54.0,5,False,False
the-cross-over-blouse#Silver,136.0,132.0,129.0,86.0,54.0,5,False,False
the-cross-over-blouse#Sunshine,136.0,132.0,129.0,86.0,54.0,5,False,False
the-cross-over-blouse#White,136.0,132.0,129.0,86.0,54.0,5,False,False
the-cross-over-poncho#Grey,115.0,107.0,110.0,70.0,72.0,5,False,False
the-cross-over-poncho#Navy,115.0,107.0,110.0,70.0,72.0,5,False,False
the-cross-over-printed-blouse#Leopard,134.0,129.0,138.0,64.0,80.0,5,False,False
the-cross-over-top#GreyStripe,126.0,139.0,,73.0,76.0,4,False,True
the-cross-over-top#NavyStripe,126.0,139.0,,73.0,76.0,4,False,True
the-crossover-2-way-blouse#Black,124.0,,126.0,66.0,72.0,4,False,True
the-crossover-button-blouse-1#Ornate,153.0,,,71.0,,2,False,True
the-curve-striped-tank#Marine,137.0,136.0,142.0,78.0,,4,False,True
the-cut-out-shoulder-blouse#Black,130.0,128.0,122.0,64.0,39.0,5,False,False
the-cut-out-shoulder-blouse#Blue,130.0,128.0,122.0,64.0,39.0,5,False,False
the-cut-out-shoulder-blouse#Clay,130.0,128.0,122.0,64.0,39.0,5,False,False
the-cut-out-shoulder-blouse#Salmon,130.0,128.0,122.0,64.0,39.0,5,False,False
the-cut-out-shoulder-blouse#Silver,130.0,128.0,122.0,64.0,39.0,5,False,False
the-cut-out-shoulder-blouse#White,130.0,128.0,122.0,64.0,39.0,5,False,False
the-daily-cross-over-top#PinkPrint,135.0,,,70.0,,2,False,True
the-daily-cross-over-top#SkyBlue,135.0,,,70.0,,2,False,True
the-daily-essential-jumper#Grey,132.0,132.0,,65.0,73.0,4,False,True
the-define-flute-sleeve-blouse#Black,121.0,121.0,134.0,65.0,63.0,5,False,False
the-define-flute-sleeve-blouse#White,121.0,121.0,134.0,65.0,63.0,5,False,False
the-design-fold-tunic-top#PearlBlue,120.0,,133.0,80.0,,3,False,True
the-dobby-sleeve-tee#InkBlue,130.0,,140.0,68.0,29.0,4,False,True
the-dobby-sleeve-tee#White,130.0,,140.0,68.0,29.0,4,False,True
the-double-layer-top#Black,141.0,141.0,147.0,64.0,45.0,5,False,False
the-double-layer-top#White,141.0,141.0,147.0,64.0,45.0,5,False,False
the-drape-tee-1#Black,155.0,,141.0,73.0,,3,False,True
the-drape-tee-1#NavyStripe,155.0,,141.0,73.0,,3,False,True
the-drape-tee-1#Navy,155.0,,141.0,73.0,,3,False,True
the-drape-tee-1#Stripe,155.0,,141.0,73.0,,3,False,True
the-drape-tee-1#White,155.0,,141.0,73.0,,3,False,True
the-essential-layering-tee#Ink,143.0,,142.0,72.0,,3,False,True
the-essential-layering-tee#White,143.0,,142.0,72.0,,3,False,True
the-essential-pullover#DustyPeach,140.0,,137.0,68.0,,3,False,True
the-essential-pullover#SkyBlue,140.0,,137.0,68.0,,3,False,True
the-everyday-shirt#Black,134.0,135.0,136.0,57.0,77.0,5,False,False
the-everyday-shirt#Cream,134.0,135.0,136.0,57.0,77.0,5,False,False
the-everyday-shirt#Midnight,134.0,135.0,136.0,57.0,77.0,5,False,False
the-everyday-shirt#Pink,134.0,135.0,136.0,57.0,77.0,5,False,False
the-everyday-shirt#Rose,134.0,135.0,136.0,57.0,77.0,5,False,False
the-excess-shirt#Pearl,102.0,108.0,140.0,86.0,73.0,5,False,False
the-fleck-roll-neck-knit#Oatmeal,146.0,,,70.0,43.0,3,False,True
the-flutter-sleeve-top#Denim,136.0,,155.0,81.0,,3,False,True
the-flutter-sleeve-top#SnakePrint,136.0,,155.0,81.0,,3,False,True
the-french-cuff-shirt#White,114.0,119.0,136.0,71.0,54.0,5,False,False
the-frill-detail-blouse#Chambray,129.0,133.0,142.0,67.0,39.0,5,False,False
the-frill-wrap-blouse#Spot,114.0,103.0,123.0,69.0,72.0,5,False,False
the-half-sleeve-tee#Black,116.0,113.0,92.0,75.0,36.0,5,False,False
the-half-sleeve-tee#White,116.0,113.0,92.0,75.0,36.0,5,False,False
the-high-low-drape-tee#Grey,150.0,130.0,132.0,102.0,57.0,5,False,False
the-high-low-drape-tee#Sage,150.0,130.0,132.0,102.0,57.0,5,False,False
the-lace-trim-top#Black,134.0,,141.0,76.0,,3,False,True
the-lace-trim-top#Ivory,134.0,,141.0,76.0,,3,False,True
the-layered-cross-over-top#Black,124.0,125.0,137.0,72.0,71.0,5,False,False
the-layered-cross-over-top#Navy,124.0,125.0,137.0,72.0,71.0,5,False,False
the-linen-tie-sleeve-top#GreyMarle,137.0,135.0,143.0,77.0,63.0,5,False,False
the-long-sleeve-scoop-neck-tee#Black,121.0,,,75.0,79.0,3,False,True
the-long-sleeve-scoop-neck-tee#Grey,121.0,,,75.0,79.0,3,False,True
the-long-sleeve-scoop-neck-tee#Navy,121.0,,,75.0,79.0,3,False,True
the-long-sleeve-scoop-neck-tee#White,121.0,,,75.0,79.0,3,False,True
the-long-sleeve-v-neck-tee#Black,116.0,86.0,92.0,75.0,78.0,5,False,False
the-long-sleeve-v-neck-tee#Navy,116.0,86.0,92.0,75.0,78.0,5,False,False
the-long-sleeve-v-neck-tee#White,116.0,86.0,92.0,75.0,78.0,5,False,False
the-longline-cardi-1#GreyMarle,97.0,108.0,115.0,102.0,,4,False,True
the-longline-cardi-1#Nude,97.0,108.0,115.0,102.0,,4,False,True
the-longline-waterfall-cardi#Black,178.0,,171.0,106.0,,3,False,True
the-luxe-cotton-tunic#White,123.0,109.0,175.0,74.0,67.0,5,False,False
the-luxe-dobby-blouse#White,153.0,153.0,157.0,65.0,74.0,5,False,False
the-luxe-long-sleeve-tee#GreyMarle,144.0,,146.0,76.0,76.0,4,False,True
the-midi-waterfall-cardi#BlueMarle,127.0,137.0,117.0,91.0,81.0,5,False,False
the-multi-stripe-cardi#Stripe,147.0,,162.0,91.0,,3,False,True
the-on-or-off-the-shoulder-top#FrenchNavy,158.0,,162.0,,,2,False,True
the-on-or-off-the-shoulder-top#Pink,158.0,,162.0,,,2,False,True
the-open-sleeve-blouse#Berry,132.0,110.0,141.0,66.0,69.0,5,False,False
the-oversize-knit#GreyMarle,180.0,,,73.0,27.0,3,False,True
the-oversize-knit#Ink,180.0,,,73.0,27.0,3,False,True
the-oversized-cotton-blend-shirt#Navy,167.0,158.0,158.0,74.0,87.0,5,False,False
the-oversized-cotton-blend-shirt#Sand,167.0,158.0,158.0,74.0,87.0,5,False,False
the-panel-hem-top#DenimMarle,131.0,110.0,110.0,71.0,60.0,5,False,False
the-panel-hem-top#Khaki,131.0,110.0,110.0,71.0,60.0,5,False,False
the-panel-luxe-top#BlkWhite,102.0,94.0,110.0,72.0,69.0,5,False,False
the-panel-luxe-top#SilvWhite,102.0,94.0,110.0,72.0,69.0,5,False,False
the-pirate-in-me-shirt#White,165.0,140.0,146.0,81.0,104.0,5,False,False
the-pleated-sleeve-top#Sage,135.0,,,67.0,63.0,3,False,True
the-pocket-tee#GreyStripe,139.0,,141.0,73.0,22.0,4,False,True
the-pocket-tee#NavyStripe,139.0,,141.0,73.0,22.0,4,False,True
the-print-contrast-34-sleeve-top#Animal,128.0,140.0,170.0,65.0,55.0,5,False,False
the-printed-side-ring-detail-blouse#Block,113.0,109.0,131.0,65.0,72.0,5,False,False
the-printed-v-neck-tee#White,133.0,133.0,,75.0,23.0,4,False,True
the-printed-v-split-top#Natural,130.0,,178.0,69.0,,3,False,True
the-relax-blouse#White,107.0,95.0,83.0,66.0,48.0,5,False,False
the-relaxed-batwing-top#Denim%20Blue,172.0,,166.0,66.0,67.0,4,False,True
the-relaxed-batwing-top#PeachRose,172.0,,166.0,66.0,67.0,4,False,True
the-relaxed-long-sleeve-tee#Black,121.0,,142.0,73.0,76.0,4,False,True
the-relaxed-long-sleeve-tee#Khaki,121.0,,142.0,73.0,76.0,4,False,True
the-relaxed-long-sleeve-tee#Navy,121.0,,142.0,73.0,76.0,4,False,True
the-relaxed-long-sleeve-tee#Pink,121.0,,142.0,73.0,76.0,4,False,True
the-relaxed-long-sleeve-tee#White,121.0,,142.0,73.0,76.0,4,False,True
the-relaxed-long-sleeve-tee-1#Ink%20Stripe,121.0,100.0,142.0,73.0,76.0,5,False,False
the-reverse-sleeve-sweater#Navy,123.0,123.0,,71.0,74.0,4,False,True
the-reversible-cowl-neck-top-1#Black,120.0,107.0,117.0,66.0,55.0,5,False,False
the-reversible-cowl-neck-top-1#White,120.0,107.0,117.0,66.0,55.0,5,False,False
the-reversible-cowl-neck-top-2#Ocean,95.0,82.0,92.0,63.0,49.0,5,False,False
the-roll-neck-sleeveless-top-1#Black,125.0,129.0,134.0,71.0,,4,False,True
the-roll-neck-sweater#Natural,132.0,,122.0,64.0,64.0,4,False,True
the-ruffle-sleeve-sweat#KhakiMarle,129.0,134.0,,69.0,74.0,4,False,True
the-ruffle-sleeve-top#NavyStripe,130.0,,134.0,73.0,74.0,4,False,True
the-short-sleeve-wrap-jersey-top#Black,108.0,92.0,105.0,67.0,29.0,5,False,False
the-short-sleeve-wrap-jersey-top#Blue,108.0,92.0,105.0,67.0,29.0,5,False,False
the-short-sleeve-wrap-jersey-top#Emerald,108.0,92.0,105.0,67.0,29.0,5,False,False
the-short-sleeve-wrap-jersey-top#NavyWhite,108.0,92.0,105.0,67.0,29.0,5,False,False
the-shoulder-tie-top#Black,136.0,135.0,146.0,69.0,48.0,5,False,False
the-shoulder-tie-top#Navy,136.0,135.0,146.0,69.0,48.0,5,False,False
the-shoulder-tie-top#White,136.0,135.0,146.0,69.0,48.0,5,False,False
the-side-panel-drape-top#OffWhite,125.0,,130.0,69.0,28.0,4,False,True
the-side-ring-detail-blouse-1#Black,113.0,109.0,131.0,65.0,72.0,5,False,False
the-sleeve-detail-knit#Ivory,109.0,116.0,,62.0,64.0,4,False,True
the-sleeveless-cross-over-blouse#Black,126.0,125.0,125.0,63.0,,4,False,True
the-sleeveless-cross-over-blouse#Chambray,126.0,125.0,125.0,63.0,,4,False,True
the-sleeveless-cross-over-blouse#Cobalt,126.0,125.0,125.0,63.0,,4,False,True
the-sleeveless-cross-over-blouse#Mint,126.0,125.0,125.0,63.0,,4,False,True
the-sleeveless-cross-over-blouse#Salmon,126.0,125.0,125.0,63.0,,4,False,True
the-sleeveless-cross-over-blouse#Sunshine,126.0,125.0,125.0,63.0,,4,False,True
the-sleeveless-cross-over-blouse#White,126.0,125.0,125.0,63.0,,4,False,True
the-slouch-pocket-tee#Stripe,162.0,,126.0,72.0,,3,False,True
the-soft-knit-jumper#NavyStripe,124.0,,,72.0,70.0,3,False,True
the-soft-knit-jumper#PinkStripe,124.0,,,72.0,70.0,3,False,True
the-soft-overlay-top#Pink,179.0,175.0,175.0,73.0,47.0,5,False,False
the-spotted-tunic#GreySpot,143.0,143.0,150.0,85.0,,4,False,True
the-spotted-tunic#NavySpot,143.0,143.0,150.0,85.0,,4,False,True
the-stella-tee#Marine,137.0,114.0,148.0,75.0,43.0,5,False,False
the-stitch-detail-top#Pink,145.0,134.0,145.0,77.0,,4,False,True
the-stitch-detail-top#SkyBlue,145.0,134.0,145.0,77.0,,4,False,True
the-stitch-v-neck-knit#DenimMarle,167.0,,151.0,77.0,,3,False,True
the-stitch-v-neck-knit#PinkMarle,167.0,,151.0,77.0,,3,False,True
the-stripe-button-through-top#Coral,175.0,,144.0,72.0,42.0,4,False,True
the-stripe-crossover-blouse#Bluestripe,148.0,,,77.0,74.0,3,False,True
the-stripe-jersey-top#Blue,136.0,108.0,108.0,70.0,52.0,5,False,False
the-stripe-jersey-top#Pink,136.0,108.0,108.0,70.0,52.0,5,False,False
the-stripe-pocket-tank#Stripe,104.0,112.0,,69.0,,3,False,True
the-stripe-tank-1#Hazelnut,126.0,,180.0,78.0,,3,False,True
the-striped-top#BlueStripe,164.0,,145.0,74.0,34.0,4,False,True
the-swing-tank-top#Rose,125.0,134.0,173.0,68.0,,4,False,True
the-textured-spot-top#Pink,148.0,118.0,145.0,74.0,53.0,5,False,False
the-tie-detail-hoody#FrenchBlue,134.0,,,70.0,69.0,3,False,True
the-tie-detail-hoody#Pink,134.0,,,70.0,69.0,3,False,True
the-tie-front-tank#Navy,117.0,111.0,133.0,60.0,,4,False,True
the-tie-front-tank#White,117.0,111.0,133.0,60.0,,4,False,True
the-tie-front-top#Black,113.0,105.0,139.0,72.0,49.0,5,False,False
the-tie-front-top#Navy,113.0,105.0,139.0,72.0,49.0,5,False,False
the-tie-layering-knit#Grey,144.0,138.0,,62.0,75.0,4,False,True
the-tie-sleeve-blouse#Grey,115.0,113.0,125.0,79.0,50.0,5,False,False
the-twist-front-top#Grey,134.0,142.0,,75.0,74.0,4,False,True
the-twist-front-top#Navy,134.0,142.0,,75.0,74.0,4,False,True
the-twist-hem-jumper#DenimMarle,135.0,,133.0,71.0,,3,False,True
the-ultimate-tie-cardi#Black,124.0,117.0,129.0,89.0,77.0,5,False,False
the-ultimate-tie-cardi#Port,124.0,117.0,129.0,89.0,77.0,5,False,False
the-uneven-hem-knit-1#Sage,102.0,94.0,,,62.0,3,False,True
the-v-neck-stripe-top#BlkStripe,165.0,,157.0,72.0,74.0,4,False,True
the-v-split-blouse#Salmon,136.0,,145.0,70.0,27.0,4,False,True
the-weekender-shirt#DenimStrip,136.0,,147.0,91.0,64.0,4,False,True
the-weekender-shirt#GreyStripe,136.0,,147.0,91.0,64.0,4,False,True
the-wrap-jersey-top#Charcoal,114.0,100.0,115.0,70.0,77.0,5,False,False
the-wrap-jersey-top#JetBlack,114.0,100.0,115.0,70.0,77.0,5,False,False
the-wrap-jersey-top#NavyWhite,114.0,100.0,115.0,70.0,77.0,5,False,False
the-wrap-jersey-top#PortSpot,114.0,100.0,115.0,70.0,77.0,5,False,False
the-wrap-jersey-top-1#NavyStripe,114.0,100.0,94.0,68.0,78.0,5,False,False
the-zip-detail-jacket#Grey,124.0,,,89.0,71.0,3,False,True
the-zip-front-blouse#Khaki,130.0,140.0,,72.0,76.0,4,False,True
the-zip-front-blouse#Navy,130.0,140.0,,72.0,76.0,4,False,True
the-zip-front-top#Blue,124.0,108.0,142.0,73.0,24.0,5,False,False
the-zip-front-top#Rose,124.0,108.0,142.0,73.0,24.0,5,False,False
this-mortal-coil-drape#StormClam,139.0,137.0,134.0,86.0,31.0,5,False,False
tia-boyfriend-shirt#White,115.0,112.0,110.0,72.0,75.0,5,False,False
tie-back-bell-sleeve-top-5#Summerbud,120.0,104.0,129.0,69.0,37.0,5,False,False
tinker-stripe-knit#NavyWhite,106.0,104.0,108.0,67.0,74.0,5,False,False
to-the-beat-of-the-drum-kimono#Leaf,151.0,,149.0,132.0,,3,False,True
tracie-top#Black,127.0,129.0,135.0,55.0,66.0,5,False,False
tracie-top#Opal,127.0,129.0,135.0,55.0,66.0,5,False,False
triangle-detail-long-sleeve-tee#Bordeaux,120.0,128.0,146.0,76.0,64.0,5,False,False
triangle-detail-long-sleeve-tee#Navy,120.0,128.0,146.0,76.0,64.0,5,False,False
true-love-bell-blouse#Jade,102.0,108.0,144.0,63.0,59.0,5,False,False
tuck-layer-shirt#White,126.0,170.0,,72.0,69.0,4,False,True
tutti-frutti-drop-shoulder-tee#Orange,104.0,104.0,104.0,66.0,30.0,5,False,False
under-the-stars-blouse#Petal,136.0,140.0,140.0,73.0,77.0,5,False,False
variegated-rib-knit#Silver,120.0,114.0,100.0,59.0,73.0,5,False,False
verona-patchwork-top#Patchwork,102.0,110.0,110.0,65.0,22.0,5,False,False
viola-kimono-radiant-floral#Grey,,,,81.0,87.0,2,False,True
vivian-blouse#Check,106.0,108.0,112.0,65.0,70.0,5,False,False
vivid-dreams-blouse#Dusty%20Rose,98.0,96.0,98.0,62.0,70.0,5,False,False
voyager-stripe-crew#Stripe,,,,66.0,74.0,2,False,True
walk-in-the-park-cardi#Sand,116.0,124.0,,107.0,63.0,4,False,True
waterfall-cardi-1#Black,102.0,110.0,122.0,65.0,65.0,5,False,False
waterfall-cardi-1#Navy,102.0,110.0,122.0,65.0,65.0,5,False,False
weekend-cardigan#Black,104.0,106.0,120.0,87.0,68.0,5,False,False
weekend-tunic#Navy,144.0,132.0,152.0,51.0,51.0,5,False,False
weekend-vibes-blouse#Blush,129.0,129.0,173.0,65.0,71.0,5,False,False
wellington-tee#Black,126.0,116.0,124.0,64.0,38.0,5,False,False
wellington-tee#ClaySpot,126.0,116.0,124.0,64.0,38.0,5,False,False
wellington-tee#HeatheGrey,126.0,116.0,124.0,64.0,38.0,5,False,False
wellington-tee#Olive,126.0,116.0,124.0,64.0,38.0,5,False,False
westward-top#BotanicalD,96.0,106.0,110.0,65.0,42.0,5,False,False
wildflower-shirt#White,98.0,102.0,102.0,57.0,72.0,5,False,False
willow-knot-top#WhiteBlk,116.0,110.0,110.0,58.0,70.0,5,False,False
wonderland-blouse#Ink,100.0,,116.0,60.0,65.0,4,False,True
wonderlust-tee#BurntOran,140.0,138.0,138.0,62.0,53.0,5,False,False
woolly-spotted-hoodie#Navy,134.0,124.0,124.0,62.0,71.0,5,False,False
wrap-me-up-bamboo-top#Black,129.0,115.0,117.0,67.0,66.0,5,False,False
wrap-me-up-bamboo-top#BlueJeans,129.0,115.0,117.0,67.0,66.0,5,False,False
ynes#Black,110.0,56.0,110.0,67.0,71.0,5,False,False
york-linen-blend-long-cardigan#BurntOrang,120.0,110.0,110.0,116.0,76.0,5,False,False
york-linen-blend-top#BurntOrang,106.0,100.0,98.0,62.0,65.0,5,False,False
you-at-my-shoulder-tunic#Black,134.0,,,121.0,68.0,3,False,True
yvette-blouse#Black,,116.0,152.0,,43.0,3,False,True
zara-top#ZebraPrint,110.0,130.0,148.0,62.0,49.0,5,False,False
